Name,surfaceArea_sqkm,latitude,longitude,Ownership,Primary Ownership,Annual_solar_potential,Annual_evaporation,Max_ice_depth,max_wind_ms,nearest_dist_m,state,Annual_solar_potential_witharea_GWh,log_Annual_solar_GWh,Capacity_Factor,purposeIds,latitude_nid,longitude_nid,Ice_binary,max_wind_cat3,annual_evap_cat3,max_HAB_2020_2024,HAB_flag_20k
Selis Ksanka Qlispe (Skq),505.048128,47.6775,-114.234,Private,Private,1504.6749866666669,1.0432823,0.657165527,8.447434425354004,0.0,Montana,75993.32853,4.880775467131719,0.13741324079147643,Hydroelectric;Recreation,47.6775,-114.234,1,1,1,,0
Goose Lake,376.5515116,41.93000717,-120.4327352,"Federal, Private, State",,1874.454918,1.259722185,0.73223877,12.95931244,8196.084019,California,70582.88329,4.848699395,0.17118309753424657,,,,1,2,2,,0
Honey Lake,242.4740171,40.2381498,-120.3700876,"State, Federal, Private",,1956.095254,1.429692091,0.24786377,9.612243652,10247.69522,Nevada,47430.2274,4.676055207,0.17863883598173516,,,,1,1,2,,0
Post Falls Middle Channel,194.24928,47.709118,-116.961023,Private,Private,1509.0847288888888,1.2022251,0.347290039,11.059588432312012,0.0,Idaho,29313.862204566183,4.467073042035463,0.13781595697615423,Hydroelectric;Other;Fish and Wildlife Pond;Recreation,47.709118,-116.961023,1,1,2,,0
Lake Almanor,109.524219,40.175537,-121.08979,Private,Private,1930.472533333333,1.5073688,0.292175293,7.433951855,0.0,California,21143.349659150368,4.325173792017996,0.1762988614916286,Hydroelectric,40.175537,-121.08979,1,1,3,,0
Coeur d'Alene Lake,108.8266248,47.53431741,-116.8144986,"Tribe, State, Private",,1499.15411,1.175836838,0.425476074,12.07216835,10667.46419,Idaho,16314.78819,4.21258144,0.1369090511415525,,,,1,2,2,,0
Lake Washington,88.99695594,47.62905869,-122.2604657,"State, Local Government, Private",,1250.461251,0.706757259,0.0,11.38550472,930.2600795,Washington,11128.72449,4.046445391,0.11419737452054796,,,,0,1,1,,0
Brownlee,59.16914006,44.8368,-116.9006,Private,Private,1685.8710755555555,1.1144183,0.639770508,7.143121719360352,0.0,Oregon,9975.154179264951,3.9989196170090633,0.15396082881785897,Hydroelectric;Navigation;Fish and Wildlife Pond;Recreation;Flood Risk Reduction,44.8368,-116.9006,1,1,2,,0
Hebgen Dam,52.60918,44.8637,-111.3358,Private,Private,1713.4280533333333,1.0548979,1.13848877,8.261384010314941,0.0,Montana,9014.204487486297,3.9549274058294346,0.1564774477929985,Hydroelectric;Recreation;Water Supply;Flood Risk Reduction,44.8637,-111.3358,1,1,1,,0
Wheatland No. 2,30.75208914,41.838056,-105.638611,Private,Private,1903.734328888889,1.2614268,0.92590332,18.52916717529297,32728.548662690453,Wyoming,5854.380778086919,3.767480966209134,0.17385701633688486,Irrigation,41.838056,-105.638611,1,3,2,,0
C J Strike,30.351450000000003,42.9463,-115.9755,Private,Private,1817.8561422222224,1.5225694,0.155395508,13.18973445892334,0.0,Idaho,5517.456980785068,3.7417389556840783,0.1660142595636733,Hydroelectric;Irrigation;Recreation,42.9463,-115.9755,1,2,3,,0
Lake Meredith,25.18360978,38.156672,-103.743902,Private,Private,1976.336355555556,1.5967106,0.294189453,18.705949783325195,342.99453167534136,Colorado,4977.128357233847,3.696978841089523,0.18048733840690012,Irrigation;Fish and Wildlife Pond;Recreation,38.156672,-103.743902,1,3,3,,0
Noxon Rapids,32.1320684,47.961662,-115.73344,Private,Private,1476.313031111111,1.0431781,0.768188477,8.242027282714844,0.0,Montana,4743.699129547355,3.676117135979933,0.1348231078640284,Hydroelectric;Fish and Wildlife Pond;Recreation,47.961662,-115.73344,1,1,1,,0
Indian Ole,23.471788,40.2838,-121.0247,Private,Private,1930.472533333333,1.5073688,0.292175293,7.433951855,0.0,California,4531.164204222293,3.656209800801009,0.1762988614916286,Water Supply;Hydroelectric,40.2838,-121.0247,1,1,3,,0
Henrys Lake,24.483503,44.5973,-111.3533,Private,Private,1719.7888,1.1162169,1.102294922,9.097490310668944,1238.74318,Idaho,4210.645424416641,3.624348671317488,0.15705833789954338,Other,44.5973,-111.3533,1,1,2,,0
Cutler,22.0958556,41.8363,-112.0483,Private,Private,1885.856568888889,1.195454,0.768066406,7.988091945648193,0.0,Utah,4166.9614428480345,3.619819481922167,0.17222434419076613,Irrigation;Recreation;Hydroelectric,41.8363,-112.0483,1,1,2,,0
Southwest Laguna Grande Dam,19.0607106,32.294589,-104.026587,Private,Private,2129.0703644444443,1.9336294,0.0,17.179019927978516,5346.653293,New Mexico,4058.159406371208,3.6083291023197273,0.19443564972095384,Other,32.294589,-104.026587,0,3,3,,0
Adobe Creek,20.61470484,38.235006,-103.280565,Private,Private,1965.92256,1.5984027,0.322570801,20.35717201,6744.6177068613615,Colorado,4052.69133126972,3.6077435274448337,0.1795363068493151,Irrigation;Recreation,38.235006,-103.280565,1,3,3,,0
Hauser Dam,24.1597542,46.7649,-111.8872,Private,Private,1624.588231111111,1.0840147,0.84173584,10.197526931762695,0.0,Montana,3924.965233985723,3.593835814264704,0.14836422201927954,Hydroelectric;Recreation;Flood Risk Reduction,46.7649,-111.8872,1,1,2,,0
Clark Lake,23.067102,44.89086914,-119.9778824,Private,Private,1665.2303644444444,1.2795391,0.187927246,10.042049407958984,1702.7261938249487,Oregon,3841.203867013717,3.5844673574045745,0.15207583236935565,Recreation,44.89086914,-119.9778824,1,1,2,,0
Wheatland No. 3,19.39255312,41.892222,-105.7275,Private,Private,1898.7005155555555,1.2351704,0.967346191,19.04581069946289,30720.729193862066,Wyoming,3682.065061,3.566091458053999,0.17339730735667175,Irrigation,41.892222,-105.7275,1,3,2,,0
Payette Lake,21.59809182,44.9114,-116.119,Private,Private,1685.7816177777777,1.1199331,0.975219727,7.598758220672607,454.44388284500735,Idaho,3640.966616923258,3.5612166970189527,0.1539526591577879,Other,44.9114,-116.119,1,1,2,,0
Drews,19.23877244,42.12197113,-120.6180267,Private,Private,1872.5418666666667,1.2582276,0.618896484,11.85292148590088,8096.800425272209,Oregon,3602.540685717283,3.5566088942695746,0.17100838964992393,Irrigation,42.12197113,-120.6180267,1,2,2,,0
Lake Frances East Dam,21.448358,48.2629,-112.2074,Private,Private,1579.046542222222,1.1395516,0.780761719,16.853811264038086,8306.517032251715,Montana,3386.795553624433,3.529788980933785,0.14420516367326228,Irrigation;Water Supply,48.2629,-112.2074,1,3,2,,0
Long Lake,20.4771116,47.8371,-117.8387,Private,Private,1560.3017955555556,1.2074025,0.457519531,13.696443557739258,0.0,Washington,3195.0473997271497,3.504477305463824,0.1424933146626078,Hydroelectric;Fish and Wildlife Pond;Recreation,47.8371,-117.8387,1,2,2,,0
Greaser Lake Reservoir,16.187440000000002,42.18466186,-119.8116684,Private,Private,1885.137066666667,1.2917398,0.76574707,10.319536209106444,7559.397994248401,Oregon,3051.5543158442674,3.4845211045438025,0.1721586362252664,Irrigation,42.18466186,-119.8116684,1,1,2,,0
Milner Dam-Middle,16.187440000000002,42.524,-114.011,Private,Private,1834.138168888889,1.4413509,0.596191406,11.055747985839844,0.0,Idaho,2969.000156059876,3.472610220423913,0.16750120263825471,Irrigation;Recreation;Hydroelectric,42.524,-114.011,1,1,2,,0
Holter Dam,18.413213,46.9913,-112.0047,Private,Private,1607.4011022222223,1.138889,0.803527832,10.23515796661377,0.0,Montana,2959.741887165256,3.4712538388063825,0.14679462120750889,Hydroelectric;Flood Risk Reduction,46.9913,-112.0047,1,1,2,,0
Tahkenitch Lake,19.54228694,43.80709838,-124.1526337,Private,Private,1498.4149333333332,0.6527581,0.0,15.331878662109377,5798.339082787107,Oregon,2928.2454582380965,3.4666074783598284,0.13684154642313548,Other,43.80709838,-124.1526337,0,2,1,,0
Nee-Noshe,14.95719456,38.321673,-102.658893,Private,Private,1947.148231111111,1.6346525,0.347473145,19.578744888305664,3467.179101461872,Colorado,2912.3874929888734,3.464249157341248,0.1778217562658549,Irrigation;Fish and Wildlife Pond;Recreation,38.321673,-102.658893,1,3,3,,0
